{
  "$schema": "https://schema.management.azure.com/schemas/2015-01-01/deploymentTemplate.json#",
  "contentVersion": "1.0.0.0",
  "parameters": {
    "adminUsername": {
      "type": "string",
      "minLength": 1,
      "defaultValue": "demouser",
      "metadata": {
        "description": "Username for the Virtual Machine."
      }
    },
    "adminPassword": {
      "type": "securestring",
      "defaultValue": "demo@pass123",
      "metadata": {
        "description": "Password for the Virtual Machine."
      }
    },
    "studentFilesUrl": {
      "type": "string",
      "defaultValue": "https://opsgilitylabs.blob.core.windows.net/online-labs/introduction-to-azure-key-vault/StudentFiles.zip"
    },
    "studentFilesDestination": {
      "type": "string",
      "defaultValue": "C:\\OpsgilityTraining"
    },
    "labName": {
      "type": "string",
      "defaultValue": "introduction-to-azure-key-vault"
    }
  },
  "variables": {
    "customScriptFolder": "./",
    "customScriptUriScriptFileName": "configure-win-vm-image.ps1",
    "customScriptUri": "https://raw.githubusercontent.com/opsgility/lab-support-public/master/script-extensions/configure-win-vm-image.ps1",
    "imagePublisher": "MicrosoftVisualStudio",
    "imageOffer": "VisualStudio",
    "imageSku": "VS-2017-Comm-WS2016",
    "OSDiskName": "labvmosdisk",
    "nicName": "labvmnic",
    "addressPrefix": "10.0.0.0/16",
    "subnetName": "Subnet",
    "subnetPrefix": "10.0.0.0/24",
    "vhdStorageType": "Premium_LRS",
    "publicIPAddressName": "labvmip",
    "publicIPAddressType": "Dynamic",
    "vhdStorageContainerName": "vhds",
    "vmName": "LabVM",
    "vmSize": "Standard_DS1_V2",
    "virtualNetworkName": "LabVMVNet",
    "vnetId": "[resourceId('Microsoft.Network/virtualNetworks', variables('virtualNetworkName'))]",
    "subnetRef": "[concat(variables('vnetId'), '/subnets/', variables('subnetName'))]",
    "vhdStorageAccountName": "[concat('vhdstorage', uniqueString(resourceGroup().id))]"
  },
  "resources": [
    {
      "type": "Microsoft.Storage/storageAccounts",
      "name": "[variables('vhdStorageAccountName')]",
      "apiVersion": "2016-01-01",
      "location": "[resourceGroup().location]",
      "tags": {
        "displayName": "StorageAccount"
      },
      "sku": {
        "name": "[variables('vhdStorageType')]"
      },
      "kind": "Storage"
    },
    {
      "apiVersion": "2016-03-30",
      "type": "Microsoft.Network/publicIPAddresses",
      "name": "[variables('publicIPAddressName')]",
      "location": "[resourceGroup().location]",
      "tags": {
        "displayName": "PublicIPAddress"
      },
      "properties": {
        "publicIPAllocationMethod": "[variables('publicIPAddressType')]"
      }
    },
    {
      "apiVersion": "2016-03-30",
      "type": "Microsoft.Network/virtualNetworks",
      "name": "[variables('virtualNetworkName')]",
      "location": "[resourceGroup().location]",
      "tags": {
        "displayName": "VirtualNetwork"
      },
      "properties": {
        "addressSpace": {
          "addressPrefixes": [
            "[variables('addressPrefix')]"
          ]
        },
        "subnets": [
          {
            "name": "[variables('subnetName')]",
            "properties": {
              "addressPrefix": "[variables('subnetPrefix')]"
            }
          }
        ]
      }
    },
    {
      "apiVersion": "2016-03-30",
      "type": "Microsoft.Network/networkInterfaces",
      "name": "[variables('nicName')]",
      "location": "[resourceGroup().location]",
      "tags": {
        "displayName": "NetworkInterface"
      },
      "dependsOn": [
        "[resourceId('Microsoft.Network/publicIPAddresses/', variables('publicIPAddressName'))]",
        "[resourceId('Microsoft.Network/virtualNetworks/', variables('virtualNetworkName'))]"
      ],
      "properties": {
        "ipConfigurations": [
          {
            "name": "ipconfig1",
            "properties": {
              "privateIPAllocationMethod": "Dynamic",
              "publicIPAddress": {
                "id": "[resourceId('Microsoft.Network/publicIPAddresses', variables('publicIPAddressName'))]"
              },
              "subnet": {
                "id": "[variables('subnetRef')]"
              }
            }
          }
        ]
      }
    },
    {
      "apiVersion": "2015-06-15",
      "type": "Microsoft.Compute/virtualMachines",
      "name": "[variables('vmName')]",
      "location": "[resourceGroup().location]",
      "tags": {
        "displayName": "VirtualMachine"
      },
      "dependsOn": [
        "[resourceId('Microsoft.Storage/storageAccounts/', variables('vhdStorageAccountName'))]",
        "[resourceId('Microsoft.Network/networkInterfaces/', variables('nicName'))]"
      ],
      "properties": {
        "hardwareProfile": {
          "vmSize": "[variables('vmSize')]"
        },
        "osProfile": {
          "computerName": "[variables('vmName')]",
          "adminUsername": "[parameters('adminUsername')]",
          "adminPassword": "[parameters('adminPassword')]"
        },
        "storageProfile": {
          "imageReference": {
            "publisher": "[variables('imagePublisher')]",
            "offer": "[variables('imageOffer')]",
            "sku": "[variables('imageSku')]",
            "version": "latest"
          },
          "osDisk": {
            "name": "osdisk",
            "vhd": {
              "uri": "[concat(reference(resourceId('Microsoft.Storage/storageAccounts', variables('vhdStorageAccountName')), '2016-01-01').primaryEndpoints.blob, variables('vhdStorageContainerName'), '/', variables('OSDiskName'), '.vhd')]"
            },
            "caching": "ReadWrite",
            "createOption": "FromImage"
          }
        },
        "networkProfile": {
          "networkInterfaces": [
            {
              "id": "[resourceId('Microsoft.Network/networkInterfaces', variables('nicName'))]"
            }
          ]
        },
        "diagnosticsProfile": {
          "bootDiagnostics": {
            "enabled": false
          }
        }
      },
      "resources": [
        {
          "name": "CustomSciptExtension1",
          "type": "extensions",
          "location": "[resourceGroup().location]",
          "apiVersion": "2016-03-30",
          "dependsOn": [
            "[resourceId('Microsoft.Compute/virtualMachines', variables('vmName'))]"
          ],
          "tags": {
            "displayName": "ConfigureVM"
          },
          "properties": {
            "publisher": "Microsoft.Compute",
            "type": "CustomScriptExtension",
            "typeHandlerVersion": "1.4",
            "autoUpgradeMinorVersion": false,
            "settings": {
              "fileUris": [
                "[variables('customScriptUri')]"
              ],
              "commandToExecute": "[concat('powershell -ExecutionPolicy Unrestricted -File ', variables('customScriptFolder'), '/', variables('customScriptUriScriptFileName'), ' -sourceFileUrl ', parameters('studentFilesUrl'), ' -destinationFolder ', parameters('studentFilesDestination'), ' -labName ', parameters('labName'))]"
            }
          }
        }
      ]
    }
  ]
}
